﻿<?xml version="1.0" encoding="UTF-8" standalone="yes"?>
<addon id="Experiencia" name="Tsuki" version="0.0.2" provider-name="TsukiTuga">
	<extension point="xbmc.addon.repository" name="Tsuki">
		<info compressed="false">http://raw.github.com/TsukiTuga/Experiencia/master/addons.xml</info>
		<checksum>http://raw.github.com/TsukiTuga/Experiencia/master/addons.xml.md5</checksum>
		<datadir zip="true">http://raw.github.com/TsukiTuga/Experiencia/master/repo/</datadir>
	</extension>
	<extension point="xbmc.addon.metadata">
		<summary>Tsuki</summary>
		<description>Addon Description</description>
		<disclaimer></disclaimer>
		<platform>all</platform>
	</extension>
</addon>