﻿<?xml version="1.0" encoding="UTF-8" standalone="yes"?>
<addon id="TsukiTuga" name="Tsuki" version="1.1.0" provider-name="Tsuki">
	<extension point="xbmc.addon.repository" name="Tsuki">
		<dir>
			<info compressed="false">http://raw.github.com/lambda81/lambda-repo/master/addons.xml</info>
			<checksum>http://raw.github.com/lambda81/lambda-repo/master/addons.xml.md5</checksum>
			<datadir zip="true">http://raw.github.com/lambda81/lambda-repo/master/</datadir>
		</dir>
		<info compressed="false">https://offshoregit.com/lambda81/lambda-repo/addons.xml</info>
		<checksum>https://offshoregit.com/lambda81/lambda-repo/addons.xml.md5</checksum>
		<datadir zip="true">https://offshoregit.com/lambda81/lambda-repo/</datadir>
	</extension>
	<extension point="xbmc.addon.metadata">
		<summary lang="pt">Addons da Lambda</summary>
		<description lang="pt">Download de addons da Lambda.</description>
		<platform>all</platform>
	</extension>
</addon>

