﻿<?xml version="1.0" encoding="UTF-8" standalone="yes"?>
<addon id="Experiencia" name="Tsuki" version="1.1.0" provider-name="Tsuki">
	<extension point="xbmc.addon.repository" name="Tsuki">
		<dir>
			<info compressed="false">http://raw.github.com/lambda81/Experiencia/master/addons.xml</info>
			<checksum>http://raw.github.com/lambda81/Experiencia/master/addons.xml.md5</checksum>
			<datadir zip="true">http://raw.github.com/lambda81/Experiencia/master/</datadir>
		</dir>
		<info compressed="false">https://offshoregit.com/lambda81/Experiencia/addons.xml</info>
		<checksum>https://offshoregit.com/lambda81/Experiencia/addons.xml.md5</checksum>
		<datadir zip="true">https://offshoregit.com/lambda81/Experiencia/</datadir>
	</extension>
	<extension point="xbmc.addon.metadata">
		<summary lang="pt">Instala Add-ons</summary>
		<description lang="pt">Faz o download e instala Add-ons da Lambda .</description>
		<platform>all</platform>
	</extension>
</addon>

